Close,Employment_rate,Trading_Volume,GDP,High,Low,Open
15.11,9.92,2366286,15351.444,15.14,14.91,14.93
15.05,9.92,1825499,15351.444,15.15,15,15.14
15.23,9.92,2532225,15351.444,15.26,15,15
15.34,9.92,2058176,15351.444,15.46,15.25,15.27
15.41,9.92,2101270,15351.444,15.46,15.25,15.4
15.36,9.92,1581069,15351.444,15.38,15.21,15.37
15.4,9.92,1440991,15351.444,15.47,15.36,15.44
15.42,9.92,1632698,15351.444,15.48,15.37,15.48
15.42,9.92,1333947,15351.444,15.49,15.35,15.42
15.6,9.92,2370328,15351.444,15.61,15.43,15.44
15.99,9.92,3620063,15351.444,16.05,15.63,15.66
15.79,9.92,3412573,15351.444,16.07,15.74,16.06
15.67,9.92,5485733,15351.444,15.85,15.58,15.8
15.3,9.92,8904357,15351.444,16.04,15.28,15.99
15.28,9.92,4604997,15351.444,15.31,15.03,15.19
15.5,9.92,3647644,15351.444,15.52,15.16,15.2
15.41,9.92,2041746,15351.444,15.56,15.38,15.5
15.42,9.92,2019427,15351.444,15.49,15.33,15.45
15.02,9.92,4233962,15351.444,15.51,14.99,15.5
15.01,9.92,2804006,15351.444,15.11,14.89,15.08
15.28,9.69,2745862,15351.444,15.33,15.08,15.11
15.3,9.69,1760755,15351.444,15.36,15.19,15.28
15.25,9.69,1497474,15351.444,15.29,15.15,15.24
15.27,9.69,1552505,15351.444,15.29,15.17,15.25
15.36,9.69,1802017,15351.444,15.46,15.23,15.25
15.46,9.69,1696452,15351.444,15.49,15.36,15.37
15.41,9.69,1843394,15351.444,15.49,15.31,15.42
15.41,9.69,2336117,15351.444,15.44,15.29,15.39
15.61,9.69,2593390,15351.444,15.63,15.33,15.34
15.7,9.69,2131868,15351.444,15.74,15.5,15.5
15.6,9.69,2092614,15351.444,15.75,15.58,15.68
15.61,9.69,1686963,15351.444,15.66,15.55,15.64
15.63,9.69,1479175,15351.444,15.68,15.51,15.53
15.75,9.69,3217815,15351.444,15.78,15.6,15.65
15.26,9.69,3642208,15351.444,15.62,15.19,15.51
15.28,9.69,2891878,15351.444,15.37,15.1,15.26
15.22,9.69,2712959,15351.444,15.33,15.03,15.28
15.25,9.69,1935852,15351.444,15.37,15.24,15.3
15.34,9.69,2284336,15351.444,15.41,15.2,15.25
15.02,9.32,3323575,15351.444,15.48,14.98,15.46
15.02,9.32,2026933,15351.444,15.15,14.88,15
15.24,9.32,1949335,15351.444,15.29,15.13,15.16
15.02,9.32,3011542,15351.444,15.22,15.01,15.19
14.79,9.32,3461738,15351.444,15.09,14.68,15.07
14.81,9.32,2287771,15351.444,14.95,14.76,14.82
14.79,9.32,2150991,15351.444,14.86,14.64,14.78
14.51,9.32,3127211,15351.444,14.67,14.49,14.64
14.42,9.32,3029401,15351.444,14.5,14.33,14.43
14.25,9.32,2813969,15351.444,14.46,14.2,14.32
14.24,9.32,4006381,15351.444,14.28,13.89,13.94
13.93,9.32,3800712,15351.444,14.24,13.78,14.22
14.03,9.32,2899727,15351.444,14.23,14.01,14.11
14.03,9.32,3302850,15351.444,14.2,13.99,14.11
14.41,9.32,3022174,15351.444,14.5,14.23,14.23
14.43,9.32,1887185,15351.444,14.48,14.31,14.44
14.55,9.32,1816164,15351.444,14.56,14.3,14.38
14.67,9.32,2097978,15351.444,14.71,14.47,14.64
14.49,9.32,2859497,15351.444,14.67,14.48,14.67
14.38,9.32,2218910,15351.444,14.62,14.37,14.55
14.54,9.32,1605138,15351.444,14.55,14.33,14.4
14.55,9.32,1422475,15351.444,14.64,14.51,14.62
14.67,9.32,2031385,15351.444,14.7,14.54,14.58
14.8,8.79,2613266,15557.535,14.88,14.72,14.73
14.69,8.79,2054817,15557.535,14.87,14.58,14.83
14.23,8.79,6048187,15557.535,14.54,14.14,14.53
14.35,8.79,2668385,15557.535,14.38,14.2,14.3
14.5,8.79,2531975,15557.535,14.52,14.35,14.39
14.45,8.79,1902581,15557.535,14.62,14.45,14.6
14.43,8.79,1858382,15557.535,14.45,14.33,14.41
14.27,8.79,2085766,15557.535,14.42,14.2,14.38
14.41,8.79,2071646,15557.535,14.44,14.29,14.4
14.46,8.79,5456289,15557.535,14.49,14.3,14.38
13.27,8.79,14050013,15557.535,13.64,13.25,13.64
13.17,8.79,5041089,15557.535,13.19,12.98,13.17
13.04,8.79,2685395,15557.535,13.27,13.02,13.25
13.14,8.79,3059160,15557.535,13.17,13.03,13.14
13.13,8.79,2471056,15557.535,13.21,13.06,13.19
13.13,8.79,1629933,15557.535,13.18,13.05,13.14
13.32,8.79,3530591,15557.535,13.44,13.13,13.16
13.44,8.79,2297840,15557.535,13.45,13.36,13.45
13.45,8.79,2037378,15557.535,13.48,13.35,13.45
13.6,8.79,4228467,15557.535,13.6,13.46,13.5
13.46,8.86,2133972,15557.535,13.64,13.43,13.63
13.35,8.86,2081574,15557.535,13.55,13.24,13.43
13.39,8.86,2116955,15557.535,13.48,13.33,13.38
13.36,8.86,1997054,15557.535,13.49,13.29,13.35
13.38,8.86,2056186,15557.535,13.54,13.38,13.45
13.44,8.86,1947419,15557.535,13.46,13.28,13.38
13.57,8.86,2041355,15557.535,13.61,13.44,13.5
13.39,8.86,2338875,15557.535,13.59,13.34,13.5
13.38,8.86,1448203,15557.535,13.42,13.27,13.38
13.24,8.86,2107641,15557.535,13.4,13.23,13.37
12.96,8.86,2956554,15557.535,13.18,12.91,13.16
13.26,8.86,3304874,15557.535,13.28,12.88,12.89
13.25,8.86,1954293,15557.535,13.26,13.14,13.24
13.28,8.86,2471136,15557.535,13.41,13.24,13.32
13.1,8.86,2318873,15557.535,13.3,13.08,13.3
12.96,8.86,2252638,15557.535,13,12.84,12.92
12.96,8.86,1888538,15557.535,13.1,12.95,13.01
12.99,8.86,1301567,15557.535,13.07,12.93,12.93
12.95,8.86,2118981,15557.535,13.05,12.88,12.94
13.02,8.86,1746296,15557.535,13.04,12.91,12.96
13.23,8.86,2687858,15557.535,13.23,13.09,13.13
13.14,9.46,2957172,15557.535,13.33,13.13,13.2
13.2,9.46,2204422,15557.535,13.26,13.06,13.19
13.08,9.46,1748462,15557.535,13.19,13.04,13.05
13.03,9.46,1942088,15557.535,13.17,12.98,13.09
12.98,9.46,1907509,15557.535,13.12,12.97,13.07
12.98,9.46,1654097,15557.535,13.03,12.89,12.91
12.92,9.46,1689086,15557.535,13,12.89,13
12.74,9.46,2440475,15557.535,12.92,12.73,12.88
12.62,9.46,2427208,15557.535,12.76,12.55,12.75
12.71,9.46,2341461,15557.535,12.85,12.67,12.7
12.57,9.46,2073301,15557.535,12.71,12.52,12.63
12.51,9.46,2757216,15557.535,12.66,12.42,12.57
12.13,9.46,5251546,15557.535,12.67,12.12,12.67
12.11,9.46,3028639,15557.535,12.16,11.98,12.13
12.33,9.46,2765357,15557.535,12.35,12.12,12.15
12.18,9.46,2407972,15557.535,12.31,12.17,12.29
12.01,9.46,4802302,15557.535,12.07,11.84,12.05
11.87,9.46,3806587,15557.535,12.02,11.83,12.02
12.07,9.46,3444633,15557.535,12.21,11.84,11.85
12.34,9.46,2717364,15557.535,12.41,12.1,12.13
12.44,9.46,2342920,15557.535,12.51,12.31,12.4
12.66,9.46,2428510,15557.535,12.67,12.54,12.55
13.03,9.44,3636642,15647.681,13.03,12.66,12.67
13.31,9.44,3847351,15647.681,13.39,13.13,13.13
13.38,9.44,2695681,15647.681,13.46,13.33,13.34
13.67,9.44,3935660,15647.681,13.77,13.4,13.52
13.3,9.44,4770170,15647.681,13.44,13.18,13.32
13.18,9.44,2839996,15647.681,13.4,13.14,13.2
13.35,9.44,2841532,15647.681,13.49,13.15,13.22
13.46,9.44,2790771,15647.681,13.6,13.41,13.43
13.22,9.44,6649410,15647.681,13.55,13.17,13.48
14.94,9.44,13735983,15647.681,15.01,14.7,14.94
14.87,9.44,4469225,15647.681,15.05,14.8,14.8
15.06,9.44,2967816,15647.681,15.12,14.89,14.89
14.88,9.44,2229023,15647.681,15.07,14.88,15.06
15.17,9.44,3469850,15647.681,15.2,14.85,14.86
15.46,9.44,3531622,15647.681,15.49,15.11,15.13
15.47,9.44,3131952,15647.681,15.64,15.33,15.35
15.56,9.44,2343370,15647.681,15.69,15.43,15.45
15.18,9.44,3934890,15647.681,15.52,15.12,15.43
15.27,9.44,3109115,15647.681,15.4,15.08,15.13
15.09,9.44,4138101,15647.681,15.37,15.09,15.1
15.17,9.18,3968312,15647.681,15.39,14.98,15.28
14.81,9.18,3201303,15647.681,15.24,14.79,15.15
15.03,9.18,3825910,15647.681,15.08,14.59,14.85
14.44,9.18,4916432,15647.681,14.97,14.44,14.88
14.48,9.18,5930780,15647.681,14.75,14.05,14.56
13.65,9.18,7497701,15647.681,14.23,13.61,14.05
14.34,9.18,6470475,15647.681,14.37,13.53,14.02
13.73,9.18,5373697,15647.681,14.1,13.69,14.04
14.05,9.18,4832119,15647.681,14.21,13.71,13.85
14.09,9.18,3088951,15647.681,14.26,14.01,14.24
13.93,9.18,7145020,15647.681,14.12,13.65,13.84
13.48,9.18,6940503,15647.681,13.81,13.26,13.81
13.33,9.18,4038219,15647.681,13.59,13.27,13.5
12.62,9.18,6291368,15647.681,13.12,12.51,13.1
12.27,9.18,5411586,15647.681,12.87,12.27,12.49
12.45,9.18,4907175,15647.681,12.68,12.36,12.6
12.97,9.18,4347823,15647.681,13.04,12.48,12.6
13.08,9.18,3598264,15647.681,13.25,12.93,12.98
13,9.18,3297297,15647.681,13.43,12.96,13.26
13.17,9.18,3597309,15647.681,13.26,12.83,12.98
13.48,9.18,2338106,15647.681,13.49,13.34,13.36
13.52,9.18,2990176,15647.681,13.57,13.27,13.45
13.52,9.18,2693390,15647.681,13.66,13.4,13.63
13.31,8.87,2415607,15647.681,13.6,13.28,13.58
13.12,8.87,2402024,15647.681,13.2,13.02,13.13
13.05,8.87,2715977,15647.681,13.07,12.76,12.77
13.35,8.87,2758545,15647.681,13.4,13.19,13.25
13.37,8.87,2381025,15647.681,13.48,13.3,13.35
13.12,8.87,3269069,15647.681,13.37,13.03,13.29
13.25,8.87,2670471,15647.681,13.3,12.94,12.95
13.24,8.87,2354150,15647.681,13.35,13.09,13.3
13.3,8.87,2694739,15647.681,13.42,13.15,13.34
13.56,8.87,2961967,15647.681,13.62,13.36,13.39
13.67,8.87,3534779,15647.681,13.67,13.58,13.62
13.67,8.87,2471190,15647.681,13.75,13.38,13.51
13.67,8.87,2779078,15647.681,13.96,13.57,13.74
13.48,8.87,2516138,15647.681,13.88,13.47,13.69
13.02,8.87,4400586,15647.681,13.22,12.85,13.16
13.14,8.87,2778870,15647.681,13.16,12.86,12.91
13.3,8.87,2634234,15647.681,13.32,12.83,13.18
13.48,8.87,3010925,15647.681,13.68,13.4,13.46
13.22,8.87,2263403,15647.681,13.6,13.19,13.54
13.19,8.87,2907381,15647.681,13.43,12.99,13.4
12.88,8.87,2724908,15647.681,13.1,12.86,13.01
12.39,8.59,4473863,15842.267,12.8,12.38,12.75
12.55,8.59,4159130,15842.267,12.59,12.01,12.25
12.62,8.59,4534752,15842.267,12.7,12.02,12.41
12.87,8.59,3424623,15842.267,12.88,12.57,12.69
12.88,8.59,2856047,15842.267,13.01,12.76,12.91
13.43,8.59,2322903,15842.267,13.44,13.08,13.13
13.58,8.59,2853777,15842.267,13.67,13.34,13.35
13.71,8.59,3178044,15842.267,13.88,13.62,13.7
13.97,8.59,5687512,15842.267,13.98,13.7,13.77
14.79,8.59,8532242,15842.267,14.99,14.69,14.97
14.56,8.59,4008302,15842.267,14.8,14.45,14.59
14.76,8.59,3802493,15842.267,14.81,14.44,14.5
14.52,8.59,2931804,15842.267,14.8,14.48,14.68
14.59,8.59,3379069,15842.267,14.72,14.49,14.55
14.76,8.59,3394233,15842.267,14.82,14.67,14.74
14.91,8.59,3427548,15842.267,15,14.66,14.67
14.58,8.59,2540445,15842.267,14.88,14.57,14.83
14.66,8.59,2873690,15842.267,14.75,14.32,14.75
14.97,8.59,3780722,15842.267,15.07,14.83,14.96
15,8.59,2508147,15842.267,15.06,14.86,14.86
14.82,8.59,2557738,15842.267,14.99,14.79,14.88
14.47,8.28,3125199,15842.267,14.64,14.42,14.49
14.62,8.28,2121899,15842.267,14.7,14.51,14.62
14.94,8.28,2669745,15842.267,14.94,14.59,14.68
14.9,8.28,2835379,15842.267,14.99,14.81,14.84
15.21,8.28,3358867,15842.267,15.22,14.81,14.83
15.31,8.28,3029383,15842.267,15.36,15.09,15.24
15.02,8.28,3711062,15842.267,15.23,14.97,15.11
14.88,8.28,2868599,15842.267,15.15,14.79,15.13
15.21,8.28,3977320,15842.267,15.3,14.97,15.03
15.33,8.28,3188932,15842.267,15.45,15.19,15.2
15.41,8.28,2675961,15842.267,15.45,15.26,15.32
15.29,8.28,2610280,15842.267,15.46,15.27,15.3
15.02,8.28,3493472,15842.267,15.31,14.92,15.25
14.87,8.28,3287618,15842.267,15.11,14.84,15.02
14.52,8.28,3001666,15842.267,14.71,14.3,14.69
14.5,8.28,2405579,15842.267,14.62,14.38,14.5
14.25,8.28,2325986,15842.267,14.51,14.25,14.39
14.08,8.28,1562341,15842.267,14.36,14.03,14.13
14.7,8.28,2828967,15842.267,14.72,14.41,14.52
14.57,8.28,1832619,15842.267,14.76,14.53,14.7
14.98,8.28,3397279,15842.267,14.99,14.8,14.95
15.34,8.37,3621293,15842.267,15.4,14.98,15
15.51,8.37,4085965,15842.267,15.6,15.41,15.43
15.64,8.37,3198026,15842.267,15.8,15.56,15.67
15.59,8.37,2326518,15842.267,15.72,15.51,15.57
15.58,8.37,2257980,15842.267,15.64,15.45,15.54
15.4,8.37,2414400,15842.267,15.69,15.38,15.53
15.69,8.37,2768503,15842.267,15.73,15.43,15.45
15.63,8.37,2185234,15842.267,15.65,15.51,15.55
15.64,8.37,4028638,15842.267,15.91,15.57,15.72
15.45,8.37,3904882,15842.267,15.61,15.31,15.54
15.49,8.37,2409785,15842.267,15.6,15.47,15.56
15.65,8.37,4459782,15842.267,15.73,15.54,15.63
15.55,8.37,2144189,15842.267,15.71,15.5,15.7
15.76,8.37,2388184,15842.267,15.8,15.7,15.7
15.65,8.37,2498154,15842.267,15.8,15.47,15.75
15.74,8.37,1824156,15842.267,15.79,15.68,15.7
15.83,8.37,1453723,15842.267,15.87,15.76,15.8
16.01,8.37,1609052,15842.267,16.11,15.8,15.8
15.99,8.37,2127130,15842.267,16.13,15.95,16.07
16.06,8.37,1575595,15842.267,16.08,15.88,16.04
16.15,8.37,1782859,15842.267,16.17,16.05,16.06
16.64,8.96,3677850,16068.824,16.7,16.31,16.31
16.71,8.96,2864365,16068.824,16.76,16.52,16.63
16.48,8.96,3283277,16068.824,16.6,16.41,16.54
16.25,8.96,2694024,16068.824,16.5,16.24,16.48
15.56,8.96,5825720,16068.824,16.18,15.53,16.16
15.58,8.96,4395615,16068.824,15.85,15.42,15.74
15.65,8.96,2400582,16068.824,15.73,15.53,15.59
15.74,8.96,1875854,16068.824,15.82,15.66,15.78
15.62,8.96,2307338,16068.824,15.67,15.53,15.66
15.71,8.96,1909394,16068.824,15.8,15.64,15.8
15.82,8.96,2763190,16068.824,15.85,15.55,15.67
15.99,8.96,6305274,16068.824,16.02,15.79,16.02
14.65,8.96,10576774,16068.824,14.78,14.54,14.77
14.64,8.96,3413040,16068.824,14.72,14.58,14.65
14.52,8.96,3056391,16068.824,14.69,14.45,14.64
14.24,8.96,4988196,16068.824,14.47,14.16,14.44
14.2,8.96,3228004,16068.824,14.36,14.11,14.3
14.5,8.96,3618815,16068.824,14.51,14.23,14.27
14.44,8.96,2330967,16068.824,14.5,14.34,14.47
14.5,8.96,2142716,16068.824,14.6,14.38,14.58
14.52,8.84,2320950,16068.824,14.64,14.48,14.63
14.63,8.84,2414672,16068.824,14.66,14.55,14.62
14.91,8.84,3169260,16068.824,14.93,14.7,14.77
15.23,8.84,3679755,16068.824,15.27,14.85,14.88
15.17,8.84,2092035,16068.824,15.23,15.09,15.18
15.25,8.84,1836963,16068.824,15.28,15.12,15.22
15.29,8.84,2265433,16068.824,15.36,15.23,15.3
15.15,8.84,2325443,16068.824,15.2,15.1,15.2
15.31,8.84,1816551,16068.824,15.35,15.25,15.26
15.24,8.84,1803851,16068.824,15.3,15.12,15.29
15.14,8.84,2426960,16068.824,15.32,15.06,15.3
15.16,8.84,2530861,16068.824,15.22,14.94,15.07
15.12,8.84,2449229,16068.824,15.19,15.06,15.12
15.35,8.84,2481110,16068.824,15.45,15.07,15.1
15.2,8.84,1967855,16068.824,15.42,15.17,15.29
15.15,8.84,2055030,16068.824,15.2,15.01,15.18
15.25,8.84,1937074,16068.824,15.29,15.14,15.18
15.23,8.84,1814618,16068.824,15.31,15.13,15.16
15.46,8.84,2847797,16068.824,15.49,15.19,15.25
15.46,8.84,3136837,16068.824,15.64,15.39,15.47
15.56,8.49,2238010,16068.824,15.64,15.45,15.56
15.53,8.49,1573214,16068.824,15.6,15.51,15.55
15.36,8.49,1593250,16068.824,15.56,15.28,15.51
15.12,8.49,3175216,16068.824,15.22,14.85,15.2
15.17,8.49,1264892,16068.824,15.28,15.15,15.23
15.18,8.49,1345428,16068.824,15.29,15.16,15.25
15.01,8.49,2671524,16068.824,15.3,15,15.2
15.13,8.49,1669376,16068.824,15.18,14.98,15
15.44,8.49,2247354,16068.824,15.45,15.14,15.22
15.4,8.49,2936857,16068.824,15.57,15.34,15.38
15.53,8.49,2435340,16068.824,15.59,15.37,15.42
15.63,8.49,3050457,16068.824,15.65,15.5,15.52
15.85,8.49,2172971,16068.824,15.93,15.53,15.58
15.84,8.49,1540778,16068.824,15.9,15.68,15.75
16,8.49,2469637,16068.824,16.18,15.81,15.87
16.15,8.49,2410320,16068.824,16.22,15.78,15.96
16.06,8.49,1940335,16068.824,16.21,16.02,16.17
16.23,8.49,1821467,16068.824,16.24,15.99,16.13
16.18,8.49,2008804,16068.824,16.34,16.12,16.18
16.39,8.49,2538808,16068.824,16.46,16.28,16.3
16.21,8.49,1924315,16068.824,16.41,16.11,16.34
16.03,8.49,2312245,16068.824,16.34,16.02,16.29
16.17,7.84,2284338,16207.13,16.19,15.87,16.02
16.07,7.84,2044857,16207.13,16.2,15.97,16.14
15.88,7.84,1628272,16207.13,15.98,15.78,15.96
15.81,7.84,2317058,16207.13,15.91,15.71,15.81
15.77,7.84,2183535,16207.13,15.88,15.63,15.71
15.67,7.84,2485078,16207.13,15.86,15.61,15.84
15.9,7.84,2200268,16207.13,15.9,15.78,15.85
16.28,7.84,5756582,16207.13,16.33,16.01,16.06
15.62,7.84,8163012,16207.13,16.22,15.59,16.19
15.15,7.84,5693458,16207.13,15.6,15.04,15.59
15.24,7.84,3024414,16207.13,15.44,15.18,15.21
15.19,7.84,2670380,16207.13,15.32,15.07,15.2
14.98,7.84,3295787,16207.13,15.41,14.98,15.14
14.9,7.84,3058961,16207.13,15.22,14.9,15.12
14.94,7.84,2197933,16207.13,14.96,14.76,14.82
15.03,7.84,1933303,16207.13,15.17,14.93,14.96
15.24,7.84,1821042,16207.13,15.28,15.07,15.1
15.39,7.84,2093733,16207.13,15.45,15.24,15.27
15.37,7.84,1636399,16207.13,15.42,15.27,15.42
15.12,7.84,2407213,16207.13,15.4,15.02,15.32
15.11,7.99,2002424,16207.13,15.29,15,15.09
15.18,7.99,1611434,16207.13,15.2,15.02,15.03
15.28,7.99,1868187,16207.13,15.37,15.22,15.24
14.92,7.99,2207360,16207.13,15.2,14.92,15.15
15.19,7.99,1994515,16207.13,15.26,14.88,14.88
15.32,7.99,2678485,16207.13,15.42,15.02,15.14
15.23,7.99,2329546,16207.13,15.41,15.05,15.17
15.34,7.99,1535877,16207.13,15.4,15.26,15.32
15.13,7.99,2099726,16207.13,15.36,15.12,15.26
15.1,7.99,1824733,16207.13,15.21,15.01,15.02
15.28,7.99,2102339,16207.13,15.38,15.09,15.13
15.72,7.99,4837424,16207.13,15.75,15.4,15.45
15.58,7.99,3354518,16207.13,15.95,15.53,15.85
15.01,7.99,5976129,16207.13,15.81,14.92,15.63
15.35,7.99,3075829,16207.13,15.39,15,15.01
15.02,7.99,3052748,16207.13,15.35,14.9,15.33
15.24,7.99,3178016,16207.13,15.24,14.93,15.04
15.09,7.99,1892185,16207.13,15.3,14.97,15.23
14.79,7.99,3582472,16207.13,15.04,14.71,15.03
14.86,7.99,2606651,16207.13,14.98,14.71,14.9
14.71,7.99,1906629,16207.13,14.8,14.59,14.7
14.52,7.99,2969455,16207.13,14.75,14.48,14.73
14.27,8.5,3058314,16207.13,14.32,14.21,14.28
14.46,8.5,2433786,16207.13,14.51,14.25,14.26
14.26,8.5,2340477,16207.13,14.45,14.16,14.39
14.51,8.5,2096173,16207.13,14.55,14.34,14.41
14.46,8.5,1759532,16207.13,14.7,14.43,14.69
14.51,8.5,1410366,16207.13,14.53,14.36,14.4
14.21,8.5,2662269,16207.13,14.63,14.17,14.61
14.13,8.5,3224142,16207.13,14.26,13.96,14.24
14.03,8.5,1954607,16207.13,14.18,13.97,14.04
13.98,8.5,2345107,16207.13,14.13,13.91,14
14.11,8.5,3002511,16207.13,14.11,13.93,14.01
14.27,8.5,2497864,16207.13,14.36,13.98,14.07
14.54,8.5,2076629,16207.13,14.61,14.33,14.37
14.44,8.5,2346698,16207.13,14.5,14.34,14.5
14.13,8.5,2011322,16207.13,14.5,14.09,14.5
14.29,8.5,2229125,16207.13,14.29,14.15,14.2
14.02,8.5,1582036,16207.13,14.2,13.93,14.18
14.12,8.5,1351151,16207.13,14.17,13.99,14.07
14.23,8.5,1692446,16207.13,14.35,14.15,14.19
14.11,8.5,1922064,16207.13,14.16,13.93,14.15
14.5,8.5,2522562,16207.13,14.5,14.31,14.37
14.51,8.63,1655563,16319.54,14.58,14.41,14.55
14.7,8.63,1190525,16319.54,14.71,14.45,14.5
14.9,8.63,2345901,16319.54,15,14.71,14.72
14.65,8.63,2162328,16319.54,14.84,14.57,14.81
14.65,8.63,1715020,16319.54,14.72,14.53,14.62
14.54,8.63,1923015,16319.54,14.81,14.47,14.75
14.28,8.63,3500946,16319.54,14.45,14.12,14.41
14.26,8.63,2310094,16319.54,14.3,14.05,14.18
14.41,8.63,1976558,16319.54,14.48,14.21,14.3
14.37,8.63,1462861,16319.54,14.48,14.29,14.41
14.42,8.63,1681568,16319.54,14.52,14.21,14.46
14.52,8.63,1550950,16319.54,14.59,14.4,14.42
14.83,8.63,4674637,16319.54,14.96,14.65,14.65
15.27,8.63,6463748,16319.54,15.32,14.95,15.22
15.39,8.63,3561818,16319.54,15.46,14.96,15
15.19,8.63,2012189,16319.54,15.45,15.11,15.38
15.2,8.63,1822973,16319.54,15.33,15.13,15.21
15.33,8.63,1687485,16319.54,15.42,15.25,15.38
15.87,8.63,3550174,16319.54,15.88,15.44,15.47
15.81,8.63,2186717,16319.54,16.07,15.74,15.91
15.82,8.63,1865890,16319.54,15.91,15.71,15.71
15.82,8.27,1844556,16319.54,15.99,15.78,15.93
15.72,8.27,1977690,16319.54,15.95,15.59,15.64
16.03,8.27,1897446,16319.54,16.09,15.9,16
16.07,8.27,1782494,16319.54,16.23,15.98,16
16.01,8.27,1982695,16319.54,16.11,15.91,16.04
16.06,8.27,1322386,16319.54,16.15,15.96,15.97
16.06,8.27,1070288,16319.54,16.16,16.04,16.11
16.05,8.27,1434408,16319.54,16.06,15.9,15.96
16.5,8.27,3268073,16319.54,16.5,16.17,16.17
16.72,8.27,3662178,16319.54,16.82,16.48,16.48
16.69,8.27,2411100,16319.54,16.86,16.6,16.76
16.82,8.27,1717691,16319.54,16.87,16.68,16.69
16.93,8.27,2177896,16319.54,16.93,16.79,16.88
16.89,8.27,1758421,16319.54,16.97,16.82,16.89
16.74,8.27,2222805,16319.54,16.95,16.55,16.82
16.93,8.27,1909262,16319.54,17.02,16.67,16.68
16.92,8.27,1784453,16319.54,17.01,16.77,16.86
16.97,8.27,1429267,16319.54,17.01,16.85,16.89
16.73,8.27,2614131,16319.54,16.8,16.48,16.57
16.93,8.27,2058938,16319.54,16.94,16.62,16.63
17.2,8.27,2991037,16319.54,17.22,16.9,16.93
17.04,8.27,1627704,16319.54,17.18,17,17.11
17.13,8.27,2127125,16319.54,17.21,17,17.1
17.03,7.66,1889613,16319.54,17.13,16.84,17.12
17.02,7.66,1708169,16319.54,17.16,16.98,17
17.49,7.66,3044450,16319.54,17.5,17.12,17.14
17.65,7.66,3236308,16319.54,17.81,17.44,17.5
17.52,7.66,2560067,16319.54,17.82,17.46,17.74
17.3,7.66,1874004,16319.54,17.52,17.27,17.43
17.27,7.66,2642260,16319.54,17.37,17.02,17.24
17.65,7.66,2659302,16319.54,17.73,17.26,17.33
17.74,7.66,2618874,16319.54,17.83,17.68,17.74
17.75,7.66,1508307,16319.54,17.82,17.63,17.7
17.96,7.66,2067249,16319.54,17.97,17.67,17.69
18.19,7.66,3098782,16319.54,18.21,17.91,17.94
18.2,7.66,2907854,16319.54,18.28,18.03,18.11
18.35,7.66,6360376,16319.54,18.37,18.25,18.31
18.73,7.66,3565837,16319.54,18.75,18.26,18.27
18.73,7.66,6061033,16319.54,19.12,18.69,18.83
18.84,7.66,5674334,16319.54,19.03,18.52,18.75
18.91,7.66,3932272,16319.54,19.07,18.79,19.01
18.86,7.66,2784091,16319.54,18.98,18.78,18.85
19.04,7.64,3168477,16420.386,19.13,18.91,18.98
18.92,7.64,2790375,16420.386,19.15,18.76,19.12
19.06,7.64,2208639,16420.386,19.1,18.81,18.9
19.2,7.64,2454496,16420.386,19.25,18.99,19.07
19.19,7.64,2737751,16420.386,19.36,19.13,19.27
18.95,7.64,1958625,16420.386,19.09,18.85,19.02
18.6,7.64,3003884,16420.386,19.03,18.56,18.99
18.61,7.64,2041203,16420.386,18.69,18.46,18.55
18.79,7.64,2383987,16420.386,18.96,18.76,18.82
18.62,7.64,2406787,16420.386,18.87,18.6,18.8
18.52,7.64,3020098,16420.386,18.6,18.27,18.53
18.62,7.64,2058468,16420.386,18.67,18.41,18.48
18.89,7.64,2292819,16420.386,18.91,18.51,18.6
17.38,7.64,12442346,16420.386,18.99,16.9,18.89
17.04,7.64,11483428,16420.386,17.67,16.8,17.65
16.97,7.64,4057872,16420.386,17.12,16.74,17.03
17.01,7.64,2916978,16420.386,17.18,16.8,16.8
16.93,7.64,2496411,16420.386,17.18,16.88,17.17
16.94,7.64,2403696,16420.386,17.05,16.84,17
16.88,7.64,1950865,16420.386,17.08,16.78,16.91
17.01,7.64,1537001,16420.386,17.02,16.88,17
17.19,7.45,2050471,16420.386,17.27,16.97,16.99
17.2,7.45,2324569,16420.386,17.39,17.18,17.36
17.07,7.45,1635894,16420.386,17.17,16.89,17.11
17.04,7.45,1582936,16420.386,17.16,16.94,17.14
16.68,7.45,2232438,16420.386,16.96,16.66,16.88
16.31,7.45,2598676,16420.386,16.79,16.28,16.76
16.58,7.45,3114084,16420.386,16.71,16.26,16.37
16.65,7.45,1405870,16420.386,16.75,16.52,16.59
16.48,7.45,1594639,16420.386,16.69,16.46,16.58
16.31,7.45,1668322,16420.386,16.55,16.26,16.52
16.18,7.45,1848939,16420.386,16.5,16.1,16.26
16.18,7.45,3438500,16420.386,16.33,15.9,16.15
16.71,7.45,2369716,16420.386,16.72,16.39,16.4
16.75,7.45,2089086,16420.386,16.95,16.61,16.75
16.65,7.45,2113011,16420.386,16.75,16.51,16.72
16.7,7.45,922477,16420.386,16.75,16.65,16.75
16.53,7.45,2205527,16420.386,16.68,16.48,16.66
16.77,7.45,2509598,16420.386,16.88,16.45,16.5
17.09,7.45,3041940,16420.386,17.12,16.6,16.71
17.3,7.45,2780544,16420.386,17.35,17.05,17.19
17.46,7.45,3164441,16420.386,17.48,17.14,17.25
17.38,7.74,2193948,16420.386,17.65,17.35,17.55
17.28,7.74,1991605,16420.386,17.39,17.14,17.38
17.2,7.74,1862735,16420.386,17.36,17.06,17.28
17.28,7.74,1462216,16420.386,17.39,17.11,17.19
17.11,7.74,1919476,16420.386,17.42,17.06,17.36
17.14,7.74,1366866,16420.386,17.29,17.09,17.13
17.42,7.74,2687956,16420.386,17.55,17.19,17.25
17.44,7.74,2426299,16420.386,17.59,17.34,17.48
17.57,7.74,3446306,16420.386,17.91,17.49,17.9
17.55,7.74,2130595,16420.386,17.7,17.46,17.5
18.02,7.74,3036763,16420.386,18.46,17.6,17.63
18.03,7.74,3005138,16420.386,18.23,17.88,17.92
18,7.74,1919799,16420.386,18.08,17.92,18.02
18.06,7.74,1657153,16420.386,18.12,17.92,18.08
17.89,7.74,3527849,16420.386,17.97,17.76,17.92
17.74,7.74,841931,16420.386,17.88,17.69,17.86
17.72,7.74,1182572,16420.386,17.82,17.56,17.7
17.66,7.74,1647392,16420.386,17.72,17.47,17.68
17.5,7.74,1403926,16420.386,17.67,17.5,17.54
17.68,7.74,1997733,16420.386,17.76,17.4,17.5
18.08,8.61,2542268,16629.05,18.18,17.91,18
18.09,8.61,2318140,16629.05,18.3,18.02,18.09
18.45,8.61,2763552,16629.05,18.54,18.19,18.24
18.37,8.61,1655967,16629.05,18.48,18.26,18.39
18.33,8.61,1676740,16629.05,18.41,18.11,18.39
18.45,8.61,2025751,16629.05,18.46,18.22,18.31
18.54,8.61,1835780,16629.05,18.63,18.34,18.57
18.5,8.61,1285125,16629.05,18.56,18.41,18.55
18.08,8.61,2864106,16629.05,18.56,18.06,18.43
18.12,8.61,3927990,16629.05,18.38,17.8,17.98
17.88,8.61,2024991,16629.05,18.11,17.84,18.06
17.78,8.61,2212357,16629.05,17.99,17.78,17.95
17.61,8.61,3226898,16629.05,17.82,17.53,17.74
17.57,8.61,3792336,16629.05,17.63,17.39,17.63
18.54,8.61,5911865,16629.05,18.73,18.39,18.4
18.85,8.61,3383596,16629.05,18.92,18.51,18.52
18.84,8.61,2225811,16629.05,18.96,18.76,18.77
18.77,8.61,1627833,16629.05,18.89,18.7,18.79
18.84,8.61,1747734,16629.05,18.92,18.66,18.68
18.85,8.61,1732972,16629.05,19.02,18.82,18.84
18.89,8.61,1634556,16629.05,18.94,18.76,18.76
19.39,8.2,3746165,16629.05,19.42,18.95,18.95
18.98,8.2,3041242,16629.05,19.26,18.96,19.2
19.14,8.2,1870716,16629.05,19.28,18.99,19.03
19.25,8.2,2079687,16629.05,19.32,18.96,18.97
19.35,8.2,2840506,16629.05,19.47,19.14,19.24
19.63,8.2,3024853,16629.05,19.67,19.49,19.5
19.56,8.2,2167656,16629.05,19.58,19.34,19.46
19.52,8.2,1858945,16629.05,19.7,19.48,19.53
19.57,8.2,1198170,16629.05,19.63,19.5,19.5
19.7,8.2,1735219,16629.05,19.72,19.44,19.48
19.82,8.2,2729917,16629.05,19.83,19.68,19.68
20.17,8.2,2932924,16629.05,20.18,19.88,19.9
19.81,8.2,2765029,16629.05,20.22,19.79,20.13
19.89,8.2,3511036,16629.05,20.14,19.78,19.95
19.99,8.2,2054050,16629.05,20.03,19.85,19.98
19.77,8.2,2307008,16629.05,20.21,19.76,20.05
19.75,8.2,2205059,16629.05,19.9,19.61,19.87
19.99,8.2,2028515,16629.05,20.12,19.78,19.87
20.03,8.2,2265874,16629.05,20.17,20.03,20.03
20.15,7.73,2175425,16629.05,20.18,19.9,19.95
20.54,7.73,2776185,16629.05,20.57,20.13,20.13
20.97,7.73,4045034,16629.05,21,20.72,20.72
20.78,7.73,2873998,16629.05,21.1,20.72,21.05
20.81,7.73,2054238,16629.05,20.92,20.74,20.85
20.79,7.73,2912283,16629.05,20.87,20.63,20.87
20.87,7.73,1595678,16629.05,20.99,20.79,20.8
20.69,7.73,2008979,16629.05,20.8,20.59,20.78
20.63,7.73,1641413,16629.05,20.77,20.56,20.7
20.54,7.73,1651111,16629.05,20.67,20.43,20.67
20.36,7.73,3099791,16629.05,20.51,20.33,20.45
20.19,7.73,1838552,16629.05,20.32,20.04,20.13
20.28,7.73,2098176,16629.05,20.48,20.16,20.28
20.37,7.73,1464122,16629.05,20.44,20.29,20.44
20.28,7.73,1477590,16629.05,20.42,20.25,20.28
20.26,7.73,1491678,16629.05,20.38,20.24,20.38
20.24,7.73,1712684,16629.05,20.48,20.17,20.3
20.31,7.73,1191912,16629.05,20.35,20.19,20.32
20.07,7.73,2163295,16629.05,20.18,20.03,20.17
19.85,7.73,2287712,16629.05,20.13,19.83,20.1
20.03,7.22,1807580,16629.05,20.06,19.83,19.88
20.33,7.22,2041713,16629.05,20.37,20.1,20.12
20.16,7.22,1738753,16629.05,20.36,20.02,20.33
19.88,7.22,2448102,16629.05,20.14,19.78,20.14
19.58,7.22,3433994,16629.05,19.67,19.41,19.66
19.37,7.22,2832718,16629.05,19.49,19.21,19.47
19.44,7.22,2157928,16629.05,19.59,19.33,19.39
19.75,7.22,1978862,16699.551,19.81,19.4,19.57
19.76,7.22,2028766,16699.551,19.83,19.6,19.82
19.75,7.22,1636829,16699.551,19.8,19.57,19.8
19.55,7.22,2454767,16699.551,19.93,19.43,19.65
19.83,7.22,1742374,16699.551,19.9,19.6,19.68
19.56,7.22,2037355,16699.551,19.77,19.45,19.67
19.15,7.22,3328777,16699.551,19.65,19.03,19.63
20,7.22,5804316,16699.551,20.09,19.16,19.22
20,7.22,2883407,16699.551,20.1,19.38,20.02
20.2,7.22,2299900,16699.551,20.39,20.01,20.03
20.34,7.22,1829151,16699.551,20.45,20.2,20.2
20.23,7.22,1992301,16699.551,20.41,20.19,20.41
20.04,7.22,2488237,16699.551,20.19,19.91,20.19
20.48,7.22,2301967,16699.551,20.57,20.08,20.08
20.61,7.22,2306836,16699.551,20.69,20.44,20.48
20.51,7.4,1455634,16699.551,20.62,20.41,20.58
20.74,7.4,2018546,16699.551,20.86,20.48,20.5
21.14,7.4,2512661,16699.551,21.17,20.9,20.92
21.54,7.4,2141834,16699.551,21.55,21.21,21.23
21.43,7.4,1967986,16699.551,21.6,21.27,21.59
21.84,7.4,2468403,16699.551,21.85,21.32,21.43
21.79,7.4,2200758,16699.551,21.99,21.71,21.77
22.01,7.4,1900717,16699.551,22.01,21.8,21.88
21.94,7.4,1448730,16699.551,22.06,21.83,21.97
22.18,7.4,1581296,16699.551,22.22,21.93,21.94
22.9,7.4,3995319,16699.551,22.91,22.35,22.39
22.6,7.4,3211738,16699.551,23,22.55,22.98
22.73,7.4,2792663,16699.551,22.84,22.51,22.75
22.71,7.4,2272942,16699.551,23.02,22.63,22.63
22.67,7.4,1983385,16699.551,22.79,22.44,22.7
22.24,7.4,2561294,16699.551,22.73,22.17,22.56
22.07,7.4,2279347,16699.551,22.25,21.85,21.91
21.83,7.4,2296760,16699.551,21.97,21.78,21.88
22.03,7.4,2257714,16699.551,22.3,22.01,22.08
21.71,7.4,2014246,16699.551,21.95,21.61,21.89
21.77,7.4,2120987,16699.551,21.97,21.66,21.75
21.78,7.4,1969857,16699.551,21.93,21.69,21.7
21.69,7.92,2476996,16699.551,21.85,21.38,21.84
21.48,7.92,1868745,16699.551,21.76,21.35,21.7
21.49,7.92,2107041,16699.551,21.74,21.43,21.57
21.62,7.92,2579605,16699.551,21.66,21.18,21.61
21.99,7.92,2675269,16699.551,22,21.63,21.76
22.26,7.92,2338184,16699.551,22.28,22,22.05
22,7.92,1757693,16699.551,22.18,21.99,22.1
21.8,7.92,2205049,16699.551,22.15,21.74,22.14
21.93,7.92,2071259,16699.551,21.99,21.64,21.72
21.88,7.92,2245176,16699.551,22.12,21.85,22
22.16,7.92,2147298,16699.551,22.24,21.96,21.98
22.52,7.92,2167878,16699.551,22.53,22.21,22.22
22.52,7.92,2917112,16699.551,22.77,22.44,22.53
22.12,7.92,3377578,16699.551,22.53,22.08,22.35
22.02,7.92,3982354,16699.551,22.25,21.83,22.25
21.74,7.92,3020242,16699.551,21.91,21.58,21.83
21.66,7.92,2553889,16699.551,21.99,21.61,21.93
21.84,7.92,1832735,16699.551,21.95,21.76,21.84
21.93,7.92,1926554,16699.551,22.12,21.92,21.97
22.01,7.92,2350049,16699.551,22.05,21.85,21.87
22.2,7.83,1726780,16911.068,22.3,22.13,22.16
22.06,7.83,1891812,16911.068,22.28,21.93,22.26
22.16,7.83,1048628,16911.068,22.23,21.96,22
22.34,7.83,1701830,16911.068,22.39,22.18,22.26
22.63,7.83,1970157,16911.068,22.66,22.43,22.47
22.63,7.83,1979338,16911.068,22.82,22.45,22.78
22.65,7.83,1715973,16911.068,22.78,22.51,22.63
23.01,7.83,2587845,16911.068,23.02,22.71,22.83
23.08,7.83,2568942,16911.068,23.08,22.88,23
23.12,7.83,1961361,16911.068,23.2,22.91,23.11
22.99,7.83,1983527,16911.068,23.2,22.85,23.18
22.96,7.83,1506168,16911.068,23.17,22.91,23.03
22.77,7.83,3634430,16911.068,23,22.58,22.97
22.41,7.83,7363398,16911.068,22.57,21.89,22.17
22.77,7.83,2904179,16911.068,22.82,22.43,22.56
22.6,7.83,2046745,16911.068,22.83,22.49,22.77
22.57,7.83,2080778,16911.068,22.76,22.52,22.68
22.19,7.83,3005227,16911.068,22.42,22.15,22.35
22.13,7.83,1778244,16911.068,22.25,22.05,22.17
22.06,7.83,1893042,16911.068,22.37,22.02,22.12
22.27,7.83,1756116,16911.068,22.39,22.02,22.13
22.19,7.83,2173446,16911.068,22.41,22.15,22.32
22.61,7.49,2138314,16911.068,22.61,22.38,22.38
22.66,7.49,1717765,16911.068,22.68,22.52,22.59
22.63,7.49,1309921,16911.068,22.64,22.48,22.63
22.41,7.49,1506475,16911.068,22.74,22.39,22.62
22.27,7.49,1380382,16911.068,22.46,22.23,22.38
22.32,7.49,1488045,16911.068,22.4,22.13,22.39
22.26,7.49,1323761,16911.068,22.39,22.25,22.26
22.14,7.49,1377354,16911.068,22.18,22.04,22.16
22.03,7.49,1420462,16911.068,22.21,21.91,22.17
21.75,7.49,2083229,16911.068,22.01,21.68,21.96
21.49,7.49,1870812,16911.068,21.62,21.45,21.61
21.42,7.49,1675387,16911.068,21.56,21.41,21.53
21.64,7.49,1811425,16911.068,21.8,21.44,21.44
21.64,7.49,1236259,16911.068,21.8,21.59,21.72
21.73,7.49,1761596,16911.068,21.92,21.66,21.78
21.84,7.49,870491,16911.068,21.87,21.76,21.81
21.76,7.49,1077093,16911.068,21.95,21.74,21.95
21.66,7.49,1056184,16911.068,21.87,21.65,21.75
21.25,7.49,1734031,16911.068,21.59,21.2,21.47
21.21,7.49,1330324,16911.068,21.39,21.19,21.26
21.39,7.49,1478494,16911.068,21.51,21.21,21.23
21.17,7.49,1861554,16911.068,21.45,21.14,21.39
21.51,7.11,2047736,16911.068,21.65,21.35,21.35
21.79,7.11,2041640,16911.068,21.84,21.38,21.51
21.99,7.11,1292601,16911.068,22,21.79,21.84
21.99,7.11,1561755,16911.068,22.09,21.84,22.06
22.2,7.11,1235064,16911.068,22.24,22.06,22.09
22.22,7.11,1287836,16911.068,22.3,22.1,22.25
22.4,7.11,1610677,16911.068,22.42,22.15,22.21
22.33,7.11,1095465,16911.068,22.45,22.25,22.44
22.23,7.11,1326886,16911.068,22.39,22.12,22.36
22.19,7.11,1341311,16911.068,22.43,22.12,22.41
22.15,7.11,1260257,16911.068,22.21,22.03,22.19
22.58,7.11,1937266,16911.068,22.6,22.08,22.16
22.46,7.11,1598201,16911.068,22.65,22.39,22.65
22.58,7.11,4348349,16911.068,22.6,22.39,22.46
22.16,7.11,1778378,16911.068,22.54,22.13,22.4
22.17,7.11,1486783,16911.068,22.25,22.04,22.16
21.93,7.11,1654113,16911.068,22.16,21.89,22.16
21.95,7.11,1260307,16911.068,22.07,21.88,21.96
21.91,7.11,1258822,16911.068,21.94,21.78,21.87
21.9,7.11,1723763,16911.068,22.02,21.71,21.75
22.18,7.06,1685208,17133.114,22.19,22,22.01
22.2,7.06,1496334,17133.114,22.23,21.95,22.07
21.9,7.06,2119212,17133.114,22.35,21.8,22.2
21.81,7.06,1358454,17133.114,21.94,21.75,21.9
21.64,7.06,1294017,17133.114,21.85,21.6,21.69
21.34,7.06,1945418,17133.114,21.65,21.29,21.63
21.4,7.06,2653118,17133.114,21.57,21.07,21.41
21.71,7.06,2258931,17133.114,21.72,21.51,21.6
21.8,7.06,1408912,17133.114,21.84,21.63,21.65
21.9,7.06,1243673,17133.114,21.91,21.63,21.67
22.05,7.06,1594777,17133.114,22.14,21.85,21.89
22.45,7.06,2011786,17133.114,22.46,22.1,22.15
22.22,7.06,4256622,17133.114,22.42,22.14,22.33
25.29,7.06,11584258,17133.114,25.39,24.35,24.41
25.08,7.06,3633166,17133.114,25.48,24.99,25.29
25.18,7.06,2211479,17133.114,25.33,24.89,25.13
25.79,7.06,2667586,17133.114,25.87,25.02,25.03
25.64,7.06,2093154,17133.114,26.01,25.62,25.8
25.38,7.06,2030838,17133.114,25.72,25.27,25.72
25.38,7.06,1166400,17133.114,25.59,25.32,25.38
25.91,7.06,1608296,17133.114,25.92,25.34,25.48
25.76,7.06,1327100,17133.114,25.94,25.65,25.94
25.76,7.06,1640035,17133.114,26.04,25.6,25.71
25.68,6.72,1283938,17133.114,25.9,25.63,25.79
25.65,6.72,1139185,17133.114,25.81,25.55,25.79
25.54,6.72,1181488,17133.114,25.79,25.44,25.51
25.57,6.72,914624,17133.114,25.68,25.38,25.64
25.2,6.72,1680071,17133.114,25.6,25.19,25.57
25.4,6.72,1294508,17133.114,25.46,25.21,25.22
25.26,6.72,1112778,17133.114,25.4,25.2,25.24
25.29,6.72,1218960,17133.114,25.44,25.13,25.19
25.81,6.72,1584004,17133.114,25.82,25.16,25.17
25.88,6.72,1168469,17133.114,25.99,25.76,25.85
25.84,6.72,1277772,17133.114,25.95,25.76,25.87
25.79,6.72,1760249,17133.114,26.22,25.73,25.89
25.63,6.72,1131619,17133.114,25.87,25.58,25.79
25.56,6.72,965535,17133.114,25.83,25.51,25.75
25.85,6.72,1092497,17133.114,25.96,25.65,25.68
25.8,6.72,1254310,17133.114,25.9,25.73,25.84
26.15,6.72,1613009,17133.114,26.33,25.88,25.93
26.46,6.72,2287182,17133.114,26.54,26.07,26.21
26.58,6.72,1123559,17133.114,26.7,26.5,26.53
26.49,6.72,1192773,17133.114,26.67,26.49,26.59
26.36,6.55,1375234,17133.114,26.66,26.27,26.59
26.33,6.55,1678054,17133.114,26.59,26.23,26.27
26.45,6.55,1192139,17133.114,26.6,26.25,26.28
26.43,6.55,1134919,17133.114,26.49,26.28,26.43
26.75,6.55,1431235,17133.114,26.75,26.5,26.75
26.95,6.55,1484103,17133.114,27.06,26.7,26.76
27.12,6.55,1856112,17133.114,27.31,26.89,26.9
26.93,6.55,1711835,17133.114,27.28,26.88,27.19
26.75,6.55,1596498,17133.114,27.07,26.73,26.99
26.52,6.55,2164759,17133.114,26.91,26.45,26.89
26.82,6.55,1606175,17133.114,26.87,26.55,26.6
26.75,6.55,1539917,17133.114,27.02,26.71,26.85
27.12,6.55,2212546,17133.114,27.12,26.48,26.8
27.16,6.55,1666006,17133.114,27.3,26.98,27.04
27.52,6.55,3267417,17133.114,27.53,27.2,27.21
27.88,6.55,1723430,17133.114,27.9,27.63,27.7
27.8,6.55,734170,17133.114,27.88,27.7,27.86
27.94,6.55,1338507,17133.114,27.98,27.72,27.85
27.96,6.55,1570140,17133.114,28.01,27.82,28
27.74,6.55,1236709,17133.114,28.01,27.73,28.01
28.02,6.55,1358300,17133.114,28.03,27.66,27.81
27.83,7.16,1822719,17144.281,27.94,27.71,27.89
27.63,7.16,1669229,17144.281,27.92,27.62,27.88
27.93,7.16,1770782,17144.281,27.97,27.66,27.83
28.47,7.16,2553999,17144.281,28.49,28.03,28.12
28.53,7.16,2243444,17144.281,28.68,28.33,28.68
28.26,7.16,2085565,17144.281,28.61,28.14,28.58
28.25,7.16,2145560,17144.281,28.48,28.06,28.48
28.07,7.16,2425615,17144.281,28.67,27.93,28.16
28.74,7.16,2484514,17144.281,28.78,28.2,28.45
28.72,7.16,1951012,17144.281,28.88,28.59,28.82
28.91,7.16,1685699,17144.281,28.95,28.7,28.73
28.76,7.16,2766140,17144.281,29.02,28.61,28.92
29.09,7.16,1981099,17144.281,29.1,28.78,29.02
29.13,7.16,1573846,17144.281,29.2,28.97,29.17
29,7.16,1951643,17144.281,29.06,28.86,29
28.1,7.16,3926347,17144.281,28.84,28.08,28.83
27.53,7.16,4362978,17144.281,28.16,27.06,28.14
28.08,7.16,2217723,17144.281,28.14,27.75,27.75
27.67,7.16,2411641,17144.281,28.04,27.49,27.98
28.38,7.16,5141107,17144.281,28.81,28.18,28.62
29.52,7.16,5569794,17144.281,29.66,28.78,29.28
28.34,7.18,4575602,17144.281,29.54,28.3,29.47
28.45,7.18,2815737,17144.281,28.88,28.43,28.43
28.58,7.18,2400619,17144.281,28.77,28.2,28.61
29,7.18,1948254,17144.281,29,28.69,28.75
29.44,7.18,2687308,17144.281,29.45,29.01,29.19
29.32,7.18,1945639,17144.281,29.56,29.23,29.3
29.75,7.18,2052813,17144.281,29.8,29.31,29.5
29.67,7.18,1725673,17144.281,29.75,29.53,29.73
30,7.18,1836921,17144.281,30,29.49,29.52
30.07,7.18,2194330,17144.281,30.11,29.82,29.88
30.27,7.18,2110730,17144.281,30.32,30,30.04
30.06,7.18,2105697,17144.281,30.23,29.94,30.13
30.1,7.18,1701894,17144.281,30.17,30.01,30.1
30.09,7.18,1863155,17144.281,30.25,30.07,30.2
30.31,7.18,1675461,17144.281,30.5,30.13,30.13
30.5,7.18,1444180,17144.281,30.61,30.26,30.38
30.5,7.18,1983804,17144.281,30.72,30.34,30.6
30.48,7.18,1260794,17144.281,30.61,30.43,30.46
30.39,7.18,2314596,17144.281,30.6,30.16,30.51
30.07,6.91,2108720,17144.281,30.2,29.8,30.17
30.37,6.91,1471031,17144.281,30.4,30.24,30.38
30.46,6.91,1236190,17144.281,30.58,30.29,30.38
30.49,6.91,1269591,17144.281,30.65,30.47,30.56
30.37,6.91,1515510,17144.281,30.67,30.29,30.66
30.29,6.91,1215443,17144.281,30.44,30.1,30.4
30,6.91,1715423,17144.281,30.36,29.92,30.33
30.18,6.91,1966927,17144.281,30.2,29.6,29.87
29.73,6.91,2345640,17144.281,30.26,29.62,30.21
29.32,6.91,2301786,17144.281,29.77,29.31,29.55
29.8,6.91,2166547,17144.281,29.93,29.45,29.48
30.28,6.91,1821606,17144.281,30.29,29.83,29.87
29.98,6.91,1612901,17144.281,30.3,29.86,30.3
29.93,6.91,1684975,17144.281,30.24,29.88,30
29.58,6.91,3210656,17144.281,30.24,29.56,30.24
28.95,6.91,3039151,17144.281,29.62,28.65,29.62
28.97,6.91,2413045,17144.281,29.25,28.68,29.15
28.3,6.91,2580023,17144.281,29.29,28.29,29.05
27.86,6.91,3826676,17144.281,28.3,27.55,28.29
28,6.91,2258918,17144.281,28.33,27.94,27.98
27.86,6.91,1942277,17144.281,28.38,27.82,28.27
28.37,5.94,2182626,17463.703,28.44,27.95,28.01
28.38,5.94,2088804,17463.703,28.62,28.1,28.55
28.58,5.94,4019626,17463.703,29.42,28.3,28.67
27.26,5.94,5366972,17463.703,28.99,27.22,28.92
27.03,5.94,3961552,17463.703,27.49,26.53,27.24
27.88,5.94,3488768,17463.703,27.99,27.24,27.25
28.35,5.94,3033589,17463.703,28.39,27.77,28.36
27.33,5.94,3296996,17463.703,28.41,27.28,28.4
26.89,5.94,3175460,17463.703,27.38,26.67,26.86
27.26,5.94,2541398,17463.703,27.65,27.03,27.18
27.44,5.94,3999843,17463.703,27.64,26.53,27.6
28.2,5.94,4588541,17463.703,28.2,27.66,27.89
27.17,5.94,5616862,17463.703,27.85,26.97,27.8
26.97,5.94,2425207,17463.703,27.2,26.7,27.2
27.28,5.94,2331121,17463.703,27.4,26.8,26.8
26.88,5.94,1959330,17463.703,27.24,26.41,27.21
26.72,5.94,2069559,17463.703,27.13,26.55,27.1
26.16,5.94,2372604,17463.703,26.69,26.13,26.61
26.15,5.94,3752779,17463.703,26.3,25.55,26.29
26.82,5.94,2535967,17463.703,26.89,26.15,26.19
26.74,5.94,2038658,17463.703,26.82,26.45,26.8
26.93,6.13,2004375,17463.703,27,26.64,26.74
26.69,6.13,1781595,17463.703,27.12,26.66,27.07
26.77,6.13,1228797,17463.703,26.79,26.38,26.51
26.13,6.13,1835318,17463.703,26.73,26.11,26.68
25.9,6.13,3074346,17463.703,26.22,25.55,26.15
26.01,6.13,2452197,17463.703,26.37,25.72,25.79
26.33,6.13,2261447,17463.703,26.37,25.71,25.94
26.92,6.13,1949291,17463.703,26.94,26.38,26.59
27.08,6.13,2011963,17463.703,27.2,26.9,26.95
26.72,6.13,1281148,17463.703,27.09,26.66,27.05
26.46,6.13,1833044,17463.703,26.7,26.27,26.66
26.42,6.13,1907733,17463.703,26.54,26.18,26.48
26.94,6.13,1977885,17463.703,26.97,26.28,26.43
27.02,6.13,2425292,17463.703,27.32,26.83,27
27.49,6.13,1564854,17463.703,27.49,27.11,27.15
27.77,6.13,2149757,17463.703,27.9,27.55,27.61
28.19,6.13,2672674,17463.703,28.25,27.71,27.91
28.74,6.13,2191828,17463.703,28.74,28.21,28.39
28.52,6.13,1581576,17463.703,28.88,28.5,28.75
28.53,6.13,1411296,17463.703,28.67,28.42,28.67
28.58,6.13,1871737,17463.703,28.63,28.29,28.58
28.22,6.39,1663640,17463.703,28.52,27.84,28.49
27.73,6.39,2031647,17463.703,28.12,27.63,28.05
27.69,6.39,1729192,17463.703,27.93,27.43,27.58
28.25,6.39,1796370,17463.703,28.25,27.75,27.86
28.3,6.39,1740934,17463.703,28.44,27.98,28.41
28.54,6.39,1529959,17463.703,28.6,28.26,28.31
28.42,6.39,1485115,17463.703,28.6,28.31,28.44
28.38,6.39,1129173,17463.703,28.45,28.18,28.3
27.98,6.39,1549487,17463.703,28.35,27.86,28.35
28.02,6.39,1353343,17463.703,28.03,27.69,28
27.62,6.39,1971842,17463.703,27.9,27.5,27.86
27.53,6.39,1481669,17463.703,27.69,27.37,27.62
28.03,6.39,2060681,17463.703,28.07,27.58,27.64
28.25,6.39,2630539,17463.703,28.25,27.83,28.06
28.33,6.39,3162147,17463.703,28.34,27.97,28.32
28.71,6.39,1724098,17463.703,28.72,28.18,28.22
28.63,6.39,2844325,17463.703,29.11,28.46,28.71
29.3,6.39,2114743,17463.703,29.37,28.66,28.7
29.24,6.39,2012360,17463.703,29.48,28.98,29.47
29.28,6.39,2022118,17463.703,29.39,29.13,29.27
29.23,6.39,1479411,17463.703,29.39,29.16,29.34
29.57,6.62,1644628,17743.227,29.68,29.31,29.39
29.54,6.62,1197005,17743.227,29.71,29.46,29.61
29.65,6.62,898852,17743.227,29.71,29.45,29.59
29.54,6.62,1337088,17743.227,29.78,29.4,29.68
28.92,6.62,2129924,17743.227,29.4,28.7,29.32
29.17,6.62,1373056,17743.227,29.21,28.85,28.93
29,6.62,1436326,17743.227,29.26,28.61,28.7
29.33,6.62,1514265,17743.227,29.41,29.03,29.07
29.71,6.62,1954612,17743.227,29.74,29.33,29.54
29.65,6.62,1673979,17743.227,29.76,29.27,29.76
29.53,6.62,1442211,17743.227,29.85,29.51,29.8
29.04,6.62,2941648,17743.227,29.48,28.84,29.45
30.26,6.62,4874260,17743.227,30.34,29.55,30.15
29.92,6.62,2240111,17743.227,30.21,29.72,30.07
30.18,6.62,1881665,17743.227,30.44,29.96,29.99
30.26,6.62,1106136,17743.227,30.35,30.07,30.1
30.15,6.62,1355974,17743.227,30.45,30.05,30.28
29.9,6.62,1361911,17743.227,30.05,29.79,29.96
29.95,6.62,1358071,17743.227,30.05,29.63,29.89
29.7,6.62,1366729,17743.227,29.92,29.61,29.89
29.77,6.62,1215576,17743.227,29.92,29.64,29.79
28.98,6.62,2310471,17743.227,29.6,28.88,29.45
28.68,6.29,2213790,17743.227,29.17,28.52,28.91
29.11,6.29,1524818,17743.227,29.19,28.61,28.83
28.66,6.29,1651342,17743.227,29.01,28.52,28.97
28.72,6.29,1322878,17743.227,28.93,28.37,28.46
28.59,6.29,1163027,17743.227,28.92,28.47,28.83
28.9,6.29,1495022,17743.227,28.98,28.45,28.6
28.86,6.29,1203357,17743.227,28.98,28.76,28.96
28.61,6.29,1394939,17743.227,28.8,28.5,28.75
29.23,6.29,1903282,17743.227,29.31,28.76,28.8
29.23,6.29,1272879,17743.227,29.39,29.05,29.33
29.19,6.29,1725358,17743.227,29.47,29.04,29.38
29.64,6.29,1470756,17743.227,29.75,29.33,29.36
29.86,6.29,1045258,17743.227,29.89,29.72,29.78
29.77,6.29,968617,17743.227,29.85,29.65,29.85
29.62,6.29,1133593,17743.227,29.76,29.56,29.76
29.63,6.29,877464,17743.227,29.75,29.49,29.66
29.53,6.29,1298049,17743.227,29.78,29.46,29.74
29.41,6.29,1471953,17743.227,29.6,29.37,29.6
29.15,6.29,1368766,17743.227,29.47,29.05,29.44
29.02,6.29,1405950,17743.227,29.24,28.89,29
29.12,6.29,1206884,17743.227,29.14,28.91,29.12
29.43,5.83,1585277,17743.227,29.47,29.12,29.15
29.48,5.83,1579779,17743.227,29.72,29.33,29.59
29.66,5.83,1634585,17743.227,29.9,29.53,29.58
29.89,5.83,1799855,17743.227,29.93,29.68,29.75
30.08,5.83,1601244,17743.227,30.18,29.9,29.96
29.6,5.83,1574573,17743.227,30.03,29.52,30
29.67,5.83,1160291,17743.227,29.69,29.36,29.59
29.56,5.83,1501451,17743.227,29.6,29.3,29.5
29.25,5.83,1852271,17743.227,29.57,29.16,29.52
29.08,5.83,1550110,17743.227,29.2,28.85,29.12
29.44,5.83,1581589,17743.227,29.51,29.05,29.05
29.66,5.83,1720921,17743.227,29.8,29.36,29.46
29.86,5.83,1494467,17743.227,29.88,29.65,29.76
30.27,5.83,4194630,17743.227,30.27,29.89,29.97
29.86,5.83,1785101,17743.227,30.19,29.66,30.13
29.56,5.83,1405078,17743.227,29.83,29.51,29.81
29.92,5.83,1760953,17743.227,30.01,29.52,29.58
29.26,5.83,1676485,17743.227,29.9,29.24,29.87
29.4,5.83,1289090,17743.227,29.48,29.25,29.37
29.39,5.83,1144982,17743.227,29.47,29.08,29.09
29.42,5.83,1571688,17743.227,29.55,29.23,29.38
28.98,5.61,1449686,17852.54,29.44,28.9,29.34
29.04,5.61,1536935,17852.54,29.16,28.7,28.91
29.31,5.61,1214593,17852.54,29.41,29.18,29.21
29.39,5.61,1286130,17852.54,29.62,29.27,29.5
28.71,5.61,1546228,17852.54,29.29,28.71,29.25
29.19,5.61,2210360,17852.54,29.23,28.38,28.76
28.54,5.61,2413453,17852.54,29.13,28.45,29.08
27.76,5.61,2979673,17852.54,28.76,27.75,28.39
27.24,5.61,2756508,17852.54,28.04,27.22,27.76
27.43,5.61,2610033,17852.54,27.93,27.23,27.51
27.04,5.61,3836222,17852.54,27.2,26.42,27.1
26.85,5.61,3805046,17852.54,27.05,26.25,26.35
26.15,5.61,5998740,17852.54,27.17,25.92,27.02
26.62,5.61,2749830,17852.54,26.66,25.96,26.02
26.9,5.61,2460140,17852.54,26.94,26.51,26.86
27.13,5.61,2974550,17852.54,27.54,27.01,27.05
27.68,5.61,2153678,17852.54,27.87,27.28,27.42
27.45,5.61,2175767,17852.54,27.75,27.26,27.75
27.49,5.61,1598409,17852.54,27.7,27.36,27.38
27.95,5.61,1739666,17852.54,27.96,27.52,27.57
27.92,5.61,2053355,17852.54,28.25,27.8,28.04
28.01,5.61,1612469,17852.54,28.13,27.61,27.91
28.39,5.61,2341539,17852.54,28.44,28.24,28.42
28.19,5.57,1544338,17852.54,28.36,28.08,28.18
28.21,5.57,1386509,17852.54,28.24,27.92,28.06
27.8,5.57,1645264,17852.54,28.35,27.71,28.32
27.58,5.57,1650721,17852.54,27.84,27.53,27.78
27.59,5.57,1589131,17852.54,27.78,27.47,27.78
27.91,5.57,1304481,17852.54,28.03,27.58,27.6
28.06,5.57,1100179,17852.54,28.13,27.81,27.93
27.91,5.57,1094114,17852.54,28.06,27.78,28.06
27.82,5.57,1510989,17852.54,28.04,27.7,28.04
27.76,5.57,1425060,17852.54,27.9,27.63,27.89
27.33,5.57,1680621,17852.54,27.76,27.22,27.75
27.23,5.57,1822166,17852.54,27.64,27.19,27.4
27.36,5.57,1517286,17852.54,27.41,26.96,27.23
27.19,5.57,1750758,17852.54,27.27,27.08,27.1
27.29,5.57,2505988,17852.54,27.55,27.25,27.53
27.37,5.57,1653773,17852.54,27.56,27.21,27.29
27.46,5.57,1903589,17852.54,27.63,27.35,27.36
27.39,5.57,1480294,17852.54,27.49,27.26,27.44
27.45,5.57,1210061,17852.54,27.48,27.22,27.35
26.98,5.44,1994399,17852.54,27.44,26.93,27.29
26.93,5.44,2073974,17852.54,27.09,26.73,27
26.85,5.44,1623977,17852.54,27.07,26.76,26.86
27.13,5.44,1633688,17852.54,27.13,26.74,26.86
26.4,5.44,3070118,17852.54,26.91,26.36,26.84
26.54,5.44,3231818,17852.54,26.69,26.35,26.46
26.81,5.44,2168813,17852.54,26.83,26.17,26.29
26.4,5.44,2316204,17852.54,26.97,26.37,26.8
26.61,5.44,2073290,17852.54,26.85,26.46,26.5
26.08,5.44,2371543,17852.54,26.61,26.07,26.37
25.79,5.44,2621977,17852.54,26.27,25.77,26.21
24.91,5.44,4349882,17852.54,25.78,24.86,25.68
25.32,5.44,3639437,17852.54,25.45,24.96,24.99
25.73,5.44,3876732,17852.54,25.81,25.33,25.79
26,5.44,4872059,17852.54,26.04,25.44,25.85
26.62,5.44,3319461,17852.54,26.65,26.03,26.04
26.94,5.44,2877222,17852.54,27.12,26.69,26.73
26.85,5.44,737848,17852.54,27.01,26.76,26.94
27.08,5.44,1113464,17852.54,27.16,26.77,26.85
26.87,5.44,2218632,17852.54,27.2,26.86,27.05
26.76,5.44,1048631,17852.54,26.89,26.68,26.75
